출발포트	갈때FW	올때FW	경로	결과	connect초	total초
27004	fw1	fw1	대칭	성공	0.011029	0.021938
27001	fw2	fw1	비대칭	성공	0.011819	0.023090
27000	fw1	fw1	대칭	성공	0.022386	0.033342
27005	fw1	fw1	대칭	성공	0.032403	0.043258
27003	fw1	fw1	대칭	성공	0.042268	0.053492
27006	fw1	fw1	대칭	성공	0.061340	0.072279
27010	fw1	fw1	대칭	성공	0.089124	0.100038
27009	fw1	fw1	대칭	성공	0.098417	0.109352
27017	fw1	fw1	대칭	성공	0.153195	0.164129
27019	fw1	fw1	대칭	성공	0.182148	0.192993
27020	fw1	fw1	대칭	성공	0.191268	0.202241
27022	fw1	fw1	대칭	성공	0.189065	0.199970
27002	fw2	fw1	비대칭	성공	0.052482	0.275578
27026	fw1	fw1	대칭	성공	0.157943	0.168546
27007	fw2	fw1	비대칭	성공	0.069091	0.295080
27008	fw2	fw1	비대칭	성공	0.078817	0.306542
27031	fw1	fw1	대칭	성공	0.076751	0.087600
27012	fw2	fw1	비대칭	성공	0.107933	0.328646
27011	fw2	fw1	비대칭	성공	0.117518	0.344031
27033	fw1	fw1	대칭	성공	0.056402	0.067087
27013	fw2	fw1	비대칭	성공	0.127003	0.351243
27034	fw2	fw1	비대칭	성공	0.047242	0.057878
27014	fw2	fw1	비대칭	성공	0.132858	0.359173
27035	fw1	fw1	대칭	성공	0.044990	0.055619
27015	fw2	fw1	비대칭	성공	0.143168	0.362629
27036	fw1	fw1	대칭	성공	0.035285	0.046048
27037	fw1	fw1	대칭	성공	0.043008	0.053969
27016	fw2	fw1	비대칭	성공	0.162849	0.385776
27039	fw1	fw1	대칭	성공	0.034562	0.045239
27018	fw2	fw1	비대칭	성공	0.171791	0.396276
27038	fw1	fw1	대칭	성공	0.045086	0.055717
27040	fw1	fw1	대칭	성공	0.047568	0.058236
27021	fw2	fw1	비대칭	성공	0.180978	0.400576
27041	fw2	fw1	비대칭	성공	0.055839	0.066527
27043	fw1	fw1	대칭	성공	0.056317	0.067015
27023	fw2	fw1	비대칭	성공	0.190549	0.415426
27044	fw1	fw1	대칭	성공	0.074973	0.085447
27024	fw2	fw1	비대칭	성공	0.188557	0.415355
27025	fw2	fw1	비대칭	성공	0.176235	0.400339
27027	fw2	fw1	비대칭	성공	0.157724	0.381406
27028	fw2	fw1	비대칭	성공	0.106776	0.328089
27049	fw1	fw1	대칭	성공	0.089849	0.100366
27029	fw2	fw1	비대칭	성공	0.086514	0.305474
27050	fw2	fw1	비대칭	성공	0.092003	0.102765
27030	fw2	fw1	비대칭	성공	0.076550	0.297658
27051	fw2	fw1	비대칭	성공	0.091531	0.102706
27032	fw2	fw1	비대칭	성공	0.050261	0.270950
27058	fw1	fw1	대칭	성공	0.104720	0.115606
27060	fw1	fw1	대칭	성공	0.097498	0.108192
27061	fw1	fw1	대칭	성공	0.102501	0.113243
27042	fw2	fw1	비대칭	성공	0.066451	0.285577
27065	fw1	fw1	대칭	성공	0.128518	0.139189
27066	fw1	fw1	대칭	성공	0.117552	0.128219
27045	fw2	fw1	비대칭	성공	0.077583	0.303790
27046	fw2	fw1	비대칭	성공	0.076776	0.296803
27047	fw2	fw1	비대칭	성공	0.081492	0.307449
27048	fw2	fw1	비대칭	성공	0.087880	0.307269
27069	fw1	fw1	대칭	성공	0.066593	0.077144
27070	fw1	fw1	대칭	성공	0.047076	0.057790
27071	fw1	fw1	대칭	성공	0.046395	0.056982
27072	fw1	fw1	대칭	성공	0.046453	0.057142
27052	fw2	fw1	비대칭	성공	0.098866	0.319186
27053	fw2	fw1	비대칭	성공	0.102357	0.328612
27054	fw2	fw1	비대칭	성공	0.101317	0.321123
27055	fw2	fw1	비대칭	성공	0.092673	0.317880
27077	fw2	fw1	비대칭	성공	0.067485	0.078154
27056	fw2	fw1	비대칭	성공	0.102959	0.329845
27057	fw2	fw1	비대칭	성공	0.102066	0.326949
27078	fw1	fw1	대칭	성공	0.067034	0.077689
27059	fw2	fw1	비대칭	성공	0.094903	0.315335
27082	fw1	fw1	대칭	성공	0.067387	0.078339
27062	fw2	fw1	비대칭	성공	0.110067	0.331602
27083	fw1	fw1	대칭	성공	0.074119	0.084681
27063	fw2	fw1	비대칭	성공	0.119183	0.338280
27084	fw1	fw1	대칭	성공	0.068251	0.078951
27064	fw2	fw1	비대칭	성공	0.118511	0.347160
27086	fw1	fw1	대칭	성공	0.076805	0.087440
27087	fw1	fw1	대칭	성공	0.078078	0.088777
27067	fw2	fw1	비대칭	성공	0.076564	0.298495
27088	fw1	fw1	대칭	성공	0.087791	0.098414
27068	fw2	fw1	비대칭	성공	0.066501	0.286174
27090	fw2	fw1	비대칭	성공	0.065664	0.076499
27093	fw1	fw1	대칭	성공	0.084531	0.095520
27073	fw2	fw1	비대칭	성공	0.051630	0.276301
27095	fw1	fw1	대칭	성공	0.085301	0.096537
27074	fw2	fw1	비대칭	성공	0.057392	0.284450
27075	fw2	fw1	비대칭	성공	0.050487	0.274761
27096	fw1	fw1	대칭	성공	0.087517	0.098090
27076	fw2	fw1	비대칭	성공	0.057697	0.279768
27098	fw1	fw1	대칭	성공	0.092047	0.102764
27099	fw1	fw1	대칭	성공	0.095806	0.106466
27079	fw2	fw1	비대칭	성공	0.067148	0.286409
27080	fw2	fw1	비대칭	성공	0.067357	0.292034
27081	fw2	fw1	비대칭	성공	0.073533	0.296007
27085	fw2	fw1	비대칭	성공	0.067560	0.289132
27089	fw2	fw1	비대칭	성공	0.082350	0.302577
27091	fw2	fw1	비대칭	성공	0.071484	0.295245
27092	fw2	fw1	비대칭	성공	0.077360	0.306832
27094	fw2	fw1	비대칭	성공	0.087916	0.312837
27097	fw2	fw1	비대칭	성공	0.087718	0.313723
