ms,watch,event,backlog_bytes
3691.4,leaf3:eth5,XOFF,1142736
3720.6,spine1:eth3,XOFF,1124690
3722.7,leaf3:eth5,XON,427958
3739.2,spine1:eth3,XON,0
3746.8,leaf3:eth5,XOFF,1275696
3781.2,leaf3:eth5,XON,486146
3795.0,leaf3:eth5,XOFF,2077594
3833.9,spine1:eth3,XOFF,1195866
3847.6,leaf3:eth5,XON,390670
3856.7,spine1:eth3,XON,0
3862.9,leaf3:eth5,XOFF,1927936
3905.8,leaf3:eth5,XON,357422
3907.3,spine1:eth3,XOFF,1258782
3952.1,leaf3:eth5,XOFF,1171814
3936.0,spine1:eth3,XON,0
3977.8,leaf3:eth5,XON,502746
3994.9,leaf3:eth5,XOFF,1184260
4018.1,leaf3:eth5,XON,378208
4059.3,leaf3:eth5,XOFF,1084548
4088.1,leaf3:eth5,XON,403018
4337.5,leaf3:eth5,XOFF,1134314
4368.6,leaf3:eth5,XON,261864
4372.7,spine1:eth3,XOFF,1112212
4389.5,leaf3:eth5,XOFF,1101066
4397.3,spine1:eth3,XON,0
4410.3,leaf3:eth5,XON,361592
4628.8,leaf3:eth5,XOFF,1105302
4659.7,leaf3:eth5,XON,373940
4676.4,leaf3:eth5,XOFF,1130176
4698.4,leaf3:eth5,XON,419666
4942.4,leaf3:eth5,XOFF,1113544
4972.8,leaf3:eth5,XON,361462
4976.9,spine1:eth3,XOFF,1113394
4993.6,leaf3:eth5,XOFF,1425256
4998.0,spine1:eth3,XON,0
5024.2,leaf3:eth5,XON,461304
5024.9,spine1:eth3,XOFF,1108040
5039.8,leaf3:eth5,XOFF,1321324
5052.2,spine1:eth3,XON,0
5072.6,leaf3:eth5,XON,411424
5562.8,leaf3:eth5,XOFF,1180024
5594.0,leaf3:eth5,XON,482090
5609.6,leaf3:eth5,XOFF,1362816
5646.6,leaf3:eth5,XON,378240
5665.5,leaf3:eth5,XOFF,1450098
5702.0,leaf3:eth5,XON,324174
